case,parallelism,manifest_index,code,hops,simulator_noise_construction_seconds,circuit_construction_seconds,transpilation_seconds,simulation_seconds,process_wall_seconds,peak_rss_mib,distinct_2q_noise_channels,distinct_2q_error_strengths,verification_seconds
A,1,0,513,2,2.708651666995138,0.00023208302445709705,0.022606916958466172,4.0391606669873,7.4747252920642495,162.140625,1,1,0.012477666139602661
A,1,60,513,3,2.6856397499796003,0.000269667012616992,0.02404829184524715,5.811973874922842,9.188603124814108,161.8125,1,1,0.01332008303143084
A,1,240,713,2,2.8027717920485884,0.00029633287340402603,0.02527070790529251,8.954227790934965,12.426147083053365,163.21875,1,1,0.013557167025282979
A,1,300,713,3,2.699001584202051,0.0003077080473303795,0.023644916946068406,12.63574558403343,16.001385957933962,163.15625,1,1,0.0132811248768121
A,1,480,823,2,2.7607379578985274,0.0006333750206977129,0.02392245805822313,15.241848416859284,18.708529541036114,163.625,1,1,0.013157916022464633
A,1,540,823,3,2.762169250054285,0.0006082081235945225,0.023129082983359694,21.705400833161548,25.161165750119835,163.578125,1,1,0.013590291142463684
A,1,720,913,2,2.8177027499768883,0.00031174998730421066,0.024138666922226548,7.859007833059877,11.398045500041917,162.25,1,1,0.019485540920868516
A,1,780,913,3,2.796466958010569,0.0003387909382581711,0.024205333087593317,11.281514166854322,14.805415291106328,163.140625,1,1,0.014765499858185649
B,1,0,513,2,2.7864955831319094,0.00026033399626612663,0.02369316597469151,4.53893908415921,8.028514999896288,166.765625,44,28,0.01547400001436472
B,1,60,513,3,2.8246996249072254,0.00031762500293552876,0.024842249928042293,6.509049041895196,10.054860832868144,167.203125,54,42,0.01808125013485551
B,1,240,713,2,2.8189552498515695,0.0003156659658998251,0.024257457815110683,9.75024929200299,13.278507709037513,169.375,61,49,0.017373499926179647
B,1,300,713,3,2.824029332958162,0.00035112490877509117,0.024201916996389627,13.980276334099472,17.52898474992253,172.40625,75,56,0.01883245795033872
B,1,480,823,2,2.812941249925643,0.0006400421261787415,0.024196082958951592,16.549890000140294,20.10835162503645,173.765625,85,60,0.01995720900595188
B,1,540,823,3,2.8522730839904398,0.0006772500928491354,0.024531624978408217,23.7808769592084,27.349410667084157,175.515625,101,69,0.021307791117578745
B,1,720,913,2,2.8765093749389052,0.00037454208359122276,0.02503241691738367,8.743922792142257,12.38754841615446,171.234375,68,48,0.017935374984517694
B,1,780,913,3,2.8292107922025025,0.0003881668671965599,0.02466608304530382,12.700454375008121,16.24209745810367,173.734375,86,53,0.019973500166088343
A,2,0,513,2,3.2473431250546128,0.00025758310221135616,0.02382316696457565,4.31552854180336,8.328140957979485,162.84375,1,1,0.013672583037987351
A,2,60,513,3,3.2454092090483755,0.0002893749624490738,0.024782625027000904,6.167768082814291,10.149954416090623,162.3125,1,1,0.013750457903370261
A,2,240,713,2,2.9878440420143306,0.0003145418595522642,0.025216999929398298,9.578578250017017,13.302309124963358,163.0625,1,1,0.013623417122289538
A,2,300,713,3,3.020277166971937,0.00033900002017617226,0.027019792003557086,13.494261958869174,17.24535341700539,162.828125,1,1,0.014875040855258703
A,2,480,823,2,2.9558247909881175,0.0006878329440951347,0.030124332988634706,16.057256042025983,19.79365774989128,163.609375,1,1,0.014672875171527267
A,2,540,823,3,2.936622125096619,0.000690666027367115,0.026329082902520895,22.54788791690953,26.28702966705896,164.34375,1,1,0.015180458081886172
A,2,720,913,2,2.858111625071615,0.00032891612499952316,0.024949749931693077,7.981661040801555,11.56303683319129,162.625,1,1,0.01429512514732778
A,2,780,913,3,2.853078000014648,0.00036408286541700363,0.024396833032369614,11.50061008404009,15.107300791190937,163.015625,1,1,0.01393362507224083
B,2,0,513,2,3.24287737486884,0.0002633328549563885,0.02472820901311934,4.7448416671250015,8.728650915902108,167.125,44,28,0.016574749955907464
B,2,60,513,3,3.2462377089541405,0.00029208301566541195,0.023985333973541856,6.801219166954979,10.819888707948849,167.921875,54,42,0.01743629202246666
B,2,240,713,2,3.101175667019561,0.0003016670234501362,0.02488499996252358,9.923523125005886,13.840971665922552,169.71875,61,49,0.017746375175192952
B,2,300,713,3,3.0179882089141756,0.00033958302810788155,0.02436141693033278,14.352325041079894,18.186409084126353,173.09375,75,56,0.018962417030707
B,2,480,823,2,2.972991625079885,0.0007454999722540379,0.030490666162222624,16.93088520783931,20.67091037495993,173.125,85,60,0.021398707991465926
B,2,540,823,3,2.893997250124812,0.0007130000740289688,0.025714749936014414,24.228495999937877,27.88349587493576,177.046875,101,69,0.022108790930360556
B,2,720,913,2,2.8953382498584688,0.00034616701304912567,0.02491716598160565,8.9265230409801,12.631390750175342,170.703125,68,48,0.018451665993779898
B,2,780,913,3,2.8873198749497533,0.0003862089943140745,0.026837707962840796,12.88628533296287,16.51340562500991,173.0625,86,53,0.022210750030353665
A,4,0,513,2,4.869310749927536,0.00027658394537866116,0.026486875023692846,4.603904583025724,10.255270458059385,162.96875,1,1,0.013991124927997589
A,4,60,513,3,4.867874084040523,0.0002893330529332161,0.027535125147551298,6.512003750074655,12.154214584035799,163.03125,1,1,0.014789040898904204
A,4,240,713,2,4.869107000064105,0.00030387495644390583,0.02656916598789394,9.820946875028312,15.48460750002414,163.6875,1,1,0.014540374977514148
A,4,300,713,3,4.8657517079263926,0.0003407078329473734,0.029640791937708855,13.754711041925475,19.40494029200636,162.9375,1,1,0.014937707921490073
A,4,480,823,2,3.18011858407408,0.0006707499269396067,0.027191582834348083,15.944138375110924,19.864911874989048,163.765625,1,1,0.015303999884054065
A,4,540,823,3,3.146536791929975,0.0006960839964449406,0.025692500174045563,22.691999959060922,26.58805699995719,162.921875,1,1,0.014961291803047061
A,4,720,913,2,2.953565791947767,0.0003525000065565109,0.0265046248678118,8.429999999934807,12.120224582962692,162.546875,1,1,0.01526137487962842
A,4,780,913,3,2.9204007079824805,0.0003756249789148569,0.025554874911904335,11.600039124954492,15.309014624916017,163.171875,1,1,0.014688415918499231
B,4,0,513,2,4.674809291958809,0.00028670812025666237,0.02610837505199015,5.011594000039622,10.505222207866609,166.703125,44,28,0.017291167052462697
B,4,60,513,3,4.6766912918537855,0.00030308403074741364,0.024962083902209997,7.1439363330136985,12.627650249982253,168.328125,54,42,0.0180957920383662
B,4,240,713,2,4.679899625014514,0.00032700016163289547,0.025265333941206336,10.494147582910955,15.987680124817416,169.140625,61,49,0.018712667049840093
B,4,300,713,3,4.684351459145546,0.0003626248799264431,0.025729540968313813,14.954076875001192,20.470702333841473,172.703125,75,56,0.020146874943748116
B,4,480,823,2,3.111077249981463,0.0006640830542892218,0.02624708297662437,17.42560499999672,21.35870070802048,173.328125,85,60,0.02095316699706018
B,4,540,823,3,3.170113667147234,0.0007271249778568745,0.026371541898697615,24.63140712492168,28.580068624811247,176.625,101,69,0.02337349997833371
B,4,720,913,2,2.9664944999385625,0.0003671250306069851,0.02601279108785093,9.264696500031278,13.033727749949321,171.125,68,48,0.018619042122736573
B,4,780,913,3,2.9915984999388456,0.00040358398109674454,0.026411791797727346,13.27798741706647,17.08007579203695,173.84375,86,53,0.021089459070935845
A,8,0,513,2,9.690234082983807,0.0002764998935163021,0.02795500005595386,4.781574417138472,15.614361457992345,162.578125,1,1,0.014640584122389555
A,8,60,513,3,9.662019458133727,0.0003072500694543123,0.031319124856963754,6.876807458000258,17.69267512508668,162.078125,1,1,0.0148825419601053
A,8,240,713,2,9.673889416037127,0.00033787498250603676,0.027039458975195885,10.215356915956363,21.004907082999125,163.1875,1,1,0.014661625027656555
A,8,300,713,3,9.675256374990568,0.0003427090123295784,0.026660791831091046,14.311279667075723,25.116427375003695,163.125,1,1,0.015541166998445988
A,8,480,823,2,9.687002165941522,0.0006685408297926188,0.027000540867447853,16.674976957961917,27.494124458171427,164.0625,1,1,0.015607082983478904
A,8,540,823,3,9.684852166799828,0.0006920411251485348,0.02732012514024973,23.222387874964625,34.01882075006142,163.71875,1,1,0.01602729200385511
A,8,720,913,2,9.685660292161629,0.0003635829780250788,0.026671583065763116,9.118511791108176,19.9220240409486,162.953125,1,1,0.015274417120963335
A,8,780,913,3,9.6892281670589,0.00038570817559957504,0.027836875058710575,12.764322999864817,23.58392570912838,163.6875,1,1,0.015742708928883076
B,8,0,513,2,9.65793004189618,0.0002921251580119133,0.02603445900604129,4.796317458851263,15.354007417103276,166.671875,44,28,0.01815625000745058
B,8,60,513,3,9.63421070901677,0.000309790950268507,0.03094533388502896,7.268923791823909,17.76969945896417,168.25,54,42,0.018152458127588034
B,8,240,713,2,9.675838167080656,0.0003277091309428215,0.026964625110849738,10.275337750092149,20.80279879202135,168.59375,61,49,0.019255666993558407
B,8,300,713,3,9.680759416893125,0.00036816601641476154,0.0270042079500854,15.304540375014767,25.852027791785076,172.9375,75,56,0.020631624851375818
B,8,480,823,2,9.686903499998152,0.0006907500792294741,0.026288457913324237,17.92638049996458,28.495985750108957,173.421875,85,60,0.022288416977971792
B,8,540,823,3,9.695845582988113,0.0007293329108506441,0.027889040997251868,25.10824212501757,35.6540030001197,176.796875,101,69,0.024116999935358763
B,8,720,913,2,9.678539583925158,0.00037795817479491234,0.02690849988721311,9.837073750095442,20.415534249972552,170.703125,68,48,0.020351459039375186
B,8,780,913,3,9.688594167120755,0.00040616700425744057,0.026974332984536886,14.308710457989946,24.890707000158727,173.65625,86,53,0.022192208096385002
