parallelism,manifest_index,code,path,simulation_slowdown,process_slowdown,uniform_simulation_seconds,pair_specific_simulation_seconds,uniform_process_seconds,pair_specific_process_seconds
1,0,513,"[0, 1, 2]",1.1237332352873899,1.0740883024049037,4.0391606669873,4.53893908415921,7.4747252920642495,8.028514999896288
1,60,513,"[0, 1, 2, 3]",1.1199377667508197,1.0942752338181503,5.811973874922842,6.509049041895196,9.188603124814108,10.054860832868144
1,240,713,"[0, 1, 2]",1.0888989558512123,1.0685941201473936,8.954227790934965,9.75024929200299,12.426147083053365,13.278507709037513
1,300,713,"[0, 1, 2, 3]",1.1064069184619383,1.0954666549512941,12.63574558403343,13.980276334099472,16.001385957933962,17.52898474992253
1,480,823,"[0, 1, 2]",1.0858190914583667,1.0748226674325154,15.241848416859284,16.549890000140294,18.708529541036114,20.10835162503645
1,540,823,"[0, 1, 2, 3]",1.0956202625328133,1.0869691388187728,21.705400833161548,23.7808769592084,25.161165750119835,27.349410667084157
1,720,913,"[0, 1, 2]",1.1125988137280989,1.0868133853395219,7.859007833059877,8.743922792142257,11.398045500041917,12.38754841615446
1,780,913,"[0, 1, 2, 3]",1.125775688189332,1.0970376135183701,11.281514166854322,12.700454375008121,14.805415291106328,16.24209745810367
2,0,513,"[0, 1, 2]",1.0994810070569574,1.0480911598330813,4.31552854180336,4.7448416671250015,8.328140957979485,8.728650915902108
2,60,513,"[0, 1, 2, 3]",1.1027034537672906,1.0660036749323905,6.167768082814291,6.801219166954979,10.149954416090623,10.819888707948849
2,240,713,"[0, 1, 2]",1.0360121164107268,1.0404939124402341,9.578578250017017,9.923523125005886,13.302309124963358,13.840971665922552
2,300,713,"[0, 1, 2, 3]",1.0635872554442856,1.0545686507179959,13.494261958869174,14.352325041079894,17.24535341700539,18.186409084126353
2,480,823,"[0, 1, 2]",1.054407126817111,1.0443198844879222,16.057256042025983,16.93088520783931,19.79365774989128,20.67091037495993
2,540,823,"[0, 1, 2, 3]",1.0745350557542905,1.0607320883377471,22.54788791690953,24.228495999937877,26.28702966705896,27.88349587493576
2,720,913,"[0, 1, 2]",1.1183791187509082,1.092393886865203,7.981661040801555,8.9265230409801,11.56303683319129,12.631390750175342
2,780,913,"[0, 1, 2, 3]",1.1204871079705365,1.0930745242484925,11.50061008404009,12.88628533296287,15.107300791190937,16.51340562500991
4,0,513,"[0, 1, 2]",1.0885529683905746,1.0243730041864272,4.603904583025724,5.011594000039622,10.255270458059385,10.505222207866609
4,60,513,"[0, 1, 2, 3]",1.0970411884255746,1.0389523866534573,6.512003750074655,7.1439363330136985,12.154214584035799,12.627650249982253
4,240,713,"[0, 1, 2]",1.0685474340151853,1.0324885616114254,9.820946875028312,10.494147582910955,15.48460750002414,15.987680124817416
4,300,713,"[0, 1, 2, 3]",1.087196730590701,1.0549222015526707,13.754711041925475,14.954076875001192,19.40494029200636,20.470702333841473
4,480,823,"[0, 1, 2]",1.0929160667094053,1.0751973551371345,15.944138375110924,17.42560499999672,19.864911874989048,21.35870070802048
4,540,823,"[0, 1, 2, 3]",1.085466559552251,1.0749212936040142,22.691999959060922,24.63140712492168,26.58805699995719,28.580068624811247
4,720,913,"[0, 1, 2]",1.0990150059434074,1.07537015182629,8.429999999934807,9.264696500031278,12.120224582962692,13.033727749949321
4,780,913,"[0, 1, 2, 3]",1.1446502269550372,1.1156874698021688,11.600039124954492,13.27798741706647,15.309014624916017,17.08007579203695
8,0,513,"[0, 1, 2]",1.0030833027841097,0.9833259886041766,4.781574417138472,4.796317458851263,15.614361457992345,15.354007417103276
8,60,513,"[0, 1, 2, 3]",1.057020112344061,1.0043534588937473,6.876807458000258,7.268923791823909,17.69267512508668,17.76969945896417
8,240,713,"[0, 1, 2]",1.005871633720609,0.9903780440361311,10.215356915956363,10.275337750092149,21.004907082999125,20.80279879202135
8,300,713,"[0, 1, 2, 3]",1.0694040456930012,1.0292876214359,14.311279667075723,15.304540375014767,25.116427375003695,25.852027791785076
8,480,823,"[0, 1, 2]",1.0750467928775846,1.0364391051426907,16.674976957961917,17.92638049996458,27.494124458171427,28.495985750108957
8,540,823,"[0, 1, 2, 3]",1.081208455401179,1.0480669880379474,23.222387874964625,25.10824212501757,34.01882075006142,35.6540030001197
8,720,913,"[0, 1, 2]",1.0788025475481606,1.0247720918321135,9.118511791108176,9.837073750095442,19.9220240409486,20.415534249972552
8,780,913,"[0, 1, 2, 3]",1.1209925084269245,1.0554098290143674,12.764322999864817,14.308710457989946,23.58392570912838,24.890707000158727
